1,Sumit,Pareek,pareeks389@gmail.com,30,delete
2,,Pareek,pareeks389@gmail.com,30,update
3,Sumit,Pareek,pareeks389@gmail.com,30,delete
4,Sumit,Pareek,pareeks389@gmail.com,30,update
5,Sumit,Pareek,pareeks389@gmail.com,30,delete
6,,Pareek,pareeks389@gmail.com,30,update
7,Sumit,Pareek,pareeks389@gmail.com,30,delete
8,Sumit,Pareek,pareeks389@gmail.com,30,update
9,Sumit,Pareek,pareeks389@gmail.com,30,delete
10,,Pareek,pareeks389@gmail.com,30,update
11,Sumit,Pareek,pareeks389@gmail.com,30,delete
12,Sumit,Pareek,pareeks389@gmail.com,30,update
13,Sumit,Pareek,pareeks389@gmail.com,30,delete
14,,Pareek,pareeks389@gmail.com,30,update
15,Sumit,Pareek,pareeks389@gmail.com,30,delete
16,Sumit,Pareek,pareeks389@gmail.com,30,update